name,price,url
"Purina Pro Plan Complete Essentials Adult Wet Cat Food - Variety Pack, 24 CT, 72 OZ",$44.99,/cat/food-and-treats/wet-food/purina-pro-plan-complete-essentials-adult-wet-cat-food--variety-pack-24-ct-72-oz-43896.html
"Tiki Cat® After Dark Wet Cat Food - Non-GMO, Grain Free - Variety Pack, 12 CT, 33.6 OZ",$34.99,/cat/food-and-treats/wet-food/tiki-cat-after-dark-wet-cat-food--nongmo-grain-free--variety-pack-12-ct-336-oz-57602.html
"Purina Pro Plan Complete Essentials Adult Wet Cat Food - Antioxidants, High-Protein, 3 Oz",$2.19,/cat/food-and-treats/wet-food/purina-pro-plan-complete-essentials-adult-wet-cat-food--antioxidants-highprotein-3-oz-12804.html
"Purina Pro Plan Complete Essentials Adult Wet Cat Food - Antioxidants, High-Protein, 3 Oz",$2.19,/cat/food-and-treats/wet-food/purina-pro-plan-complete-essentials-adult-wet-cat-food--antioxidants-highprotein-3-oz-12807.html
"Hill's® Science Diet® Urinary Hairball Control Adult Wet Cat Food - Minced, 5.5 oz",$3.49,/cat/food-and-treats/wet-food/hills-science-diet-urinary-hairball-control-adult-wet-cat-food--minced-55-oz-66470.html
"Nulo MedalSeries  All Life Stages Wet Cat Food - Grain Free, No Corn, Wheat & Soy, 12.5 Oz.",$4.79,/cat/food-and-treats/wet-food/nulo-medalseries--all-life-stages-wet-cat-food--grain-free-no-corn-wheat-and-soy-125-oz-36959.html
"Hill's® Science Diet® Healthy Cuisine Adult Wet Cat Food - Chunks & Gravy, 2.8 oz",$2.99,/cat/food-and-treats/wet-food/hills-science-diet-healthy-cuisine-adult-wet-cat-food--chunks-and-gravy-28-oz-33932.html
Purina Urinary Tract Health Pro Plan Focus Adult Wet Cat Food - 3 Oz.,$2.19,/cat/food-and-treats/wet-food/purina-urinary-tract-health-pro-plan-focus-adult-wet-cat-food--3-oz-72995.html
"Purina Pro Plan Savor Adult Wet Cat Food - Antioxidants, High-Protein, 5.5 Oz",$3.19,/cat/food-and-treats/wet-food/purina-pro-plan-savor-adult-wet-cat-food--antioxidants-highprotein-55-oz-43869.html
"Nulo MedalSeries  All Life Stages Wet Cat Food - Grain Free, No Corn, Wheat & Soy, 3 Oz.",$2.49,/cat/food-and-treats/wet-food/nulo-medalseries--all-life-stages-wet-cat-food--grain-free-no-corn-wheat-and-soy-3-oz-40070.html
Fancy Feast® Paté Cat Food,$1.09,/cat/food-and-treats/wet-food/fancy-feast-pat-cat-food-12840.html
"Nulo MedalSeries  All Life Stages Wet Cat Food - Grain Free, No Corn, Wheat & Soy, 3 Oz.",$2.49,/cat/food-and-treats/wet-food/nulo-medalseries--all-life-stages-wet-cat-food--grain-free-no-corn-wheat-and-soy-3-oz-40065.html
"Purina Pro Plan Complete Essentials Adult Wet Cat Food - Antioxidants, High-Protein, 5.5 Oz",$3.19,/cat/food-and-treats/wet-food/purina-pro-plan-complete-essentials-adult-wet-cat-food--antioxidants-highprotein-55-oz-36669.html
"Purina Pro Plan Savor  Adult Wet Cat Food - Antioxidants, High-Protein, 3 Oz",$2.19,/cat/food-and-treats/wet-food/purina-pro-plan-savor--adult-wet-cat-food--antioxidants-highprotein-3-oz-30078.html
Hill's® Science Diet® Perfect Weight Adult Cat Food - Roasted Vegetable & Chicken Medley,$2.99,/cat/food-and-treats/wet-food/hills-science-diet-perfect-weight-adult-cat-food--roasted-vegetable-and-chicken-medley-43667.html
"Tiki Cat® After Dark™ Wet Cat Food - Non-GMO, Grain Free - Variety Pack, 8 CT, 44 OZ",$39.99,/cat/food-and-treats/wet-food/tiki-cat-after-darkandtrade-wet-cat-food--nongmo-grain-free--variety-pack-8-ct-44-oz-57650.html
"Simply Nourish® Original Cat Wet Food - 2.8 Oz, Natural, Stew, Grain Free",$2.09,/cat/food-and-treats/wet-food/simply-nourish-original-cat-wet-food--28-oz-natural-stew-grain-free-51904.html
"Purina Pro Plan Complete Essentials Adult Wet Cat Food - Antioxidants, High-Protein, 5.5 Oz",$3.19,/cat/food-and-treats/wet-food/purina-pro-plan-complete-essentials-adult-wet-cat-food--antioxidants-highprotein-55-oz-36662.html
Royal Canin® Feline Health Nutrition Instinctive Adult Loaf in Sauce Wet Cat Food  3 oz can,$3.49,/cat/food-and-treats/wet-food/royal-canin-feline-health-nutrition-instinctive-adult-loaf-in-sauce-wet-cat-food--3-oz-can-30745.html
"Purina Pro Plan Savor Adult Wet Cat Food - Antioxidants, Corn Free, 5.5 Oz",$3.19,/cat/food-and-treats/wet-food/purina-pro-plan-savor-adult-wet-cat-food--antioxidants-corn-free-55-oz-43866.html
"Tiki Cat® Pate Cat Food Non-GMO, Natural, Fruit & Veggie Free - Variety Pack, 12 CT, 33.6 OZ",$26.99,/cat/food-and-treats/wet-food/tiki-cat-pate-cat-food-nongmo-natural-fruit-and-veggie-free--variety-pack-12-ct-336-oz-63295.html
"Authority® Everyday Health Cat Wet Food - 66 Oz, Flaked in Gravy, With-Grain",$28.99,/cat/food-and-treats/wet-food/authority-everyday-health-cat-wet-food--66-oz-flaked-in-gravy-withgrain-63498.html
"Authority® Everyday Health Adult Cat Wet Food - 5.5 Oz, Flaked in Gravy",$2.89,/cat/food-and-treats/wet-food/authority-everyday-health-adult-cat-wet-food--55-oz-flaked-in-gravy-51010.html
Purina Urinary Tract Health Pro Plan Focus Adult Wet Cat Food - 5.5 Oz,$3.19,/cat/food-and-treats/wet-food/purina-urinary-tract-health-pro-plan-focus-adult-wet-cat-food--55-oz-43872.html
"Hill's® Science Diet® Urinary Hairball Control Adult Wet Cat Food - Minced, 2.9 oz",$2.99,/cat/food-and-treats/wet-food/hills-science-diet-urinary-hairball-control-adult-wet-cat-food--minced-29-oz-30751.html
Purina Urinary Tract Health Pro Plan Focus  Adult Wet Cat Food - 5.5 Oz,$3.19,/cat/food-and-treats/wet-food/purina-urinary-tract-health-pro-plan-focus--adult-wet-cat-food--55-oz-112.html
"Tiki Cat Baby Kitten Wet Food - High Protein, Pate, Variety Pack, 12 Ct",$28.99,/cat/food-and-treats/wet-food/tiki-cat-baby-kitten-wet-food--high-protein-pate-variety-pack-12-ct-84790.html
"Purina Pro Plan Focus  Kitten Wet Cat Food - High-Protein, With Vitamins, Variety Pack, 12 CT, 36 OZ",$23.99,/cat/food-and-treats/wet-food/purina-pro-plan-focus--kitten-wet-cat-food--highprotein-with-vitamins-variety-pack-12-ct-36-oz-42836.html
"Purina Pro Plan Complete Essentials Adult Wet Cat Food - Antioxidants, High-Protein, 5.5 Oz",$3.19,/cat/food-and-treats/wet-food/purina-pro-plan-complete-essentials-adult-wet-cat-food--antioxidants-highprotein-55-oz-36666.html
"Nulo MedalSeries  All Life stages Wet Cat Food - Grain Free, No Corn, Wheat & Soy, 5.5 Oz.",$2.99,/cat/food-and-treats/wet-food/nulo-medalseries--all-life-stages-wet-cat-food--grain-free-no-corn-wheat-and-soy-55-oz-36958.html
"Simply Nourish® Cat Wet Food - Variety Pack, Natural, Stew",$17.99,/cat/food-and-treats/wet-food/simply-nourish-cat-wet-food--variety-pack-natural-stew-67670.html
"Hill's® Science Diet® Healthy Cuisine Kitten Wet Cat Food - Chunks & Gravy, 2.8 oz",$2.99,/cat/food-and-treats/wet-food/hills-science-diet-healthy-cuisine-kitten-wet-cat-food--chunks-and-gravy-28-oz-33930.html
"Wellness® Signature Selects Cat Food - Natural, Grain Free",$5.49,/cat/food-and-treats/wet-food/wellness-signature-selects-cat-food--natural-grain-free-12914.html
Wellness® Complete Health ™ Wet Cat Food Variety Pack - Pate,$29.99 - $52.99,/cat/food-and-treats/wet-food/wellness-complete-health-andtrade-wet-cat-food-variety-pack--pate-59307.html
"Instinct® Limited Ingredient Wet Cat Food - Natural, Grain Free",placeholder,/cat/food-and-treats/food-toppers/instinct-limited-ingredient-wet-cat-food--natural-grain-free-50162.html
Purina Urinary Tract Health Pro Plan Focus Adult Wet Cat Food - 5.5 Oz,$3.19,/cat/food-and-treats/wet-food/purina-urinary-tract-health-pro-plan-focus-adult-wet-cat-food--55-oz-43871.html
"Wellness® Complete Health Cat Food - Natural, Grain Free",$6.49,/cat/food-and-treats/wet-food/wellness-complete-health-cat-food--natural-grain-free-25941.html
"B.F.F. OMG Gravy! For Tuna Lovers Rainbow A Gogo Wet Cat Food - Variety Pack, 12ct",$24.99,/cat/food-and-treats/wet-food/bff-omg-gravy-for-tuna-lovers-rainbow-a-gogo-wet-cat-food--variety-pack-12ct-76269.html
"Wellness Complete Health Kitten Pate Favorites Wet Cat Food - Variety Pack, 12 CT, 36 OZ",$29.99,/cat/food-and-treats/wet-food/wellness-complete-health-kitten-pate-favorites-wet-cat-food--variety-pack-12-ct-36-oz-68674.html
"Iams Perfect Portions Healthy Adult Wet Cat Food Grain Free Paté Variety Pack, 24 CT, 31.7 OZ",$19.99,/cat/food-and-treats/wet-food/iams-perfect-portions-healthy-adult-wet-cat-food-grain-free-pat-variety-pack-24-ct-317-oz-45545.html
"Blue Buffalo® Wilderness™  Adult Wet Cat Food - Grain Free, Chicken",$2.79 - $3.29,/cat/food-and-treats/wet-food/blue-buffalo-wildernessandtrade--adult-wet-cat-food--grain-free-chicken-36985.html
"Purina Pro Plan Complete Essentials Adult Wet Cat Food - , 5.5 Oz",$3.19,/cat/food-and-treats/wet-food/purina-pro-plan-complete-essentials-adult-wet-cat-food---55-oz-36664.html
"Purina Pro Plan Savor Adult Wet Cat Food - Antioxidants, Corn Free, 5.5 Oz",$3.19,/cat/food-and-treats/wet-food/purina-pro-plan-savor-adult-wet-cat-food--antioxidants-corn-free-55-oz-43868.html
"Tiki Cat® Born Carnivore Broths Cat Food Topper - Non-GMO, Grain Free - Variety Pack, 12ct",$21.99,/cat/food-and-treats/food-toppers/tiki-cat-born-carnivore-broths-cat-food-topper--nongmo-grain-free--variety-pack-12ct-57666.html
"Hill's® Science Diet® Adult Wet Cat Food - Variety Pack, 12 CT, 33.6 OZ",$29.99,/cat/food-and-treats/wet-food/hills-science-diet-adult-wet-cat-food--variety-pack-12-ct-336-oz-58027.html
"Hill's® Science Diet® Adult Wet Cat Food - Minced, 5.5 oz",$3.49,/cat/food-and-treats/wet-food/hills-science-diet-adult-wet-cat-food--minced-55-oz-12820.html
"Purina Pro Plan Focus Adult Wet Cat Food - High-Protein, With Vitamins, 3 Oz",$2.19,/cat/food-and-treats/wet-food/purina-pro-plan-focus-adult-wet-cat-food--highprotein-with-vitamins-3-oz-967.html
"Applaws Wet Cat Food - Natural, Limited Ingredient, 5.5 oz",$3.49,/cat/food-and-treats/wet-food/applaws-wet-cat-food--natural-limited-ingredient-55-oz-49777.html
"Tiki Cat® Luau Wet Cat Food - Non-GMO, Grain Free, High Protein - Variety Pack, 12 CT, 33.6 OZ",$33.99,/cat/food-and-treats/wet-food/tiki-cat-luau-wet-cat-food--nongmo-grain-free-high-protein--variety-pack-12-ct-336-oz-57698.html
"Tiki Cat® Velvet™ Mousse Wet Cat Food - Non-GMO, Grain & Potato Free - Variety Pack, 12ct",$33.99,/cat/food-and-treats/wet-food/tiki-cat-velvetandtrade-mousse-wet-cat-food--nongmo-grain-and-potato-free--variety-pack-12ct-57713.html
"Tiki Cat® Seafood Selects Cat Food Non-GMO, Natural, Variety Pack 24ct",$45.99,/cat/food-and-treats/wet-food/tiki-cat-seafood-selects-cat-food-nongmo-natural-variety-pack-24ct-63287.html
"Authority® Everyday Health Adult Cat Wet Food - 5.5 Oz, Pate, With-Grain",$2.89,/cat/food-and-treats/wet-food/authority-everyday-health-adult-cat-wet-food--55-oz-pate-withgrain-51001.html
"Wellness® Healthy Indulgence Gravies Adult Cat Food - Grain Free, Natural, Tuna & Mackerel",$3.69,/cat/food-and-treats/wet-food/wellness-healthy-indulgence-gravies-adult-cat-food--grain-free-natural-tuna-and-mackerel-34674.html
Royal Canin® Feline Care Nutrition Kitten Loaf in Sauce Wet Food  3 oz can,$3.49,/cat/food-and-treats/wet-food/royal-canin-feline-care-nutrition-kitten-loaf-in-sauce-wet-food--3-oz-can-30739.html
"Hill's® Science Diet® Adult Wet Cat Food - Chunks & Gravy, 5.5 oz",$3.49,/cat/food-and-treats/wet-food/hills-science-diet-adult-wet-cat-food--chunks-and-gravy-55-oz-12827.html
"Hill's® Science Diet® Kitten Wet Cat Food - Chunks & Gravy, 5.5 oz",$3.49,/cat/food-and-treats/wet-food/hills-science-diet-kitten-wet-cat-food--chunks-and-gravy-55-oz-12830.html
"Wellness® Complete Health Cat Food - Natural, Grain Free, Pate",$2.69 - $3.99,/cat/food-and-treats/wet-food/wellness-complete-health-cat-food--natural-grain-free-pate-12917.html
"Simply Nourish® Cat Wet Food - 36 Oz, Natural, Shreds in a Light Cream Sauce, With-Grain",$15.99,/cat/food-and-treats/wet-food/simply-nourish-cat-wet-food--36-oz-natural-shreds-in-a-light-cream-sauce-withgrain-67669.html
"Authority® Everyday Health Indoor Kitten Cat Wet Food - Variety Pack, 12 CT, 36 OZ",$19.99,/cat/food-and-treats/wet-food/authority-everyday-health-indoor-kitten-cat-wet-food--variety-pack-12-ct-36-oz-57086.html
Purina Urinary Tract Health Pro Plan Focus  Adult Wet Cat Food - 3 Oz,$2.19,/cat/food-and-treats/wet-food/purina-urinary-tract-health-pro-plan-focus--adult-wet-cat-food--3-oz-33944.html
"Purina Pro Plan Prime Plus Senior Wet Cat Food - Grain Free, High-Protein, 3 Oz",$2.19,/cat/food-and-treats/wet-food/purina-pro-plan-prime-plus-senior-wet-cat-food--grain-free-highprotein-3-oz-42604.html
Hill's® Science Diet® Sensitive Stomach & Skin Adult Wet Cat Food - 2.9 oz,$2.99,/cat/food-and-treats/wet-food/hills-science-diet-sensitive-stomach-and-skin-adult-wet-cat-food--29-oz-48333.html
"Wellness® Healthy Indulgence Morsels Adult Cat Food - Grain Free, Natural, Chicken & Chicken Liver",$3.69,/cat/food-and-treats/wet-food/wellness-healthy-indulgence-morsels-adult-cat-food--grain-free-natural-chicken-and-chicken-liver-34664.html
"Blue Buffalo® Wilderness™  Senior Wet Cat Food - Grain Free, 5.5 Oz.",$3.29,/cat/food-and-treats/wet-food/blue-buffalo-wildernessandtrade--senior-wet-cat-food--grain-free-55-oz-22158.html
"Hill's Science Diet Adult Perfect Digestion Chicken, Vegetable & Rice Stew Canned Cat Food 2.9 OZ",$2.99,/cat/food-and-treats/wet-food/hills-science-diet-adult-perfect-digestion-chicken-vegetable-and-rice-stew-canned-cat-food-29-oz-75570.html
Instinct® All Life Stage Wet Cat Food - Grain Free,$2.49 - $3.29,/cat/food-and-treats/wet-food/instinct-all-life-stage-wet-cat-food--grain-free-22973.html
"Simply Nourish® Kitten Cat Wet Food - Variety Pack, 12 CT, 36 OZ",$15.99,/cat/food-and-treats/wet-food/simply-nourish-kitten-cat-wet-food--variety-pack-12-ct-36-oz-67671.html
"Tiki Cat® Grill Wet Cat Food Non-GMO, Grain & Potato Free - Variety Pack, 8 CT, 48 OZ",$25.99,/cat/food-and-treats/wet-food/tiki-cat-grill-wet-cat-food-nongmo-grain-and-potato-free--variety-pack-8-ct-48-oz-57672.html
"Wellness® CORE® Tiny Tasters Wet Cat Food - Natural, Variety Pack, 12 CT, 21 OZ",$27.99,/cat/food-and-treats/wet-food/wellness-core-tiny-tasters-wet-cat-food--natural-variety-pack-12-ct-21-oz-52298.html
Iams Perfect Portions Healthy Kitten Wet Cat Food Grain Free Chicken Paté,$1.79,/cat/food-and-treats/wet-food/iams-perfect-portions-healthy-kitten-wet-cat-food-grain-free-chicken-pat-45539.html
Iams Perfect Portions Healthy Adult Wet Cat Food Grain Free Chicken Paté,$1.79,/cat/food-and-treats/wet-food/iams-perfect-portions-healthy-adult-wet-cat-food-grain-free-chicken-pat-45538.html
"Simply Nourish® Original Cat Wet Food - 2.8 Oz, Natural, Stew, Grain Free",$2.09,/cat/food-and-treats/wet-food/simply-nourish-original-cat-wet-food--28-oz-natural-stew-grain-free-51893.html
Purina Pro Plan Vital Systems Adult Wet Cat Food 3oz,$2.19,/cat/food-and-treats/wet-food/purina-pro-plan-vital-systems-adult-wet-cat-food-3oz-68699.html
"Simply Nourish® Source Cat Wet Food - 2.8 Oz, High-Protein, Stew, Grain Free",$2.09,/cat/food-and-treats/wet-food/simply-nourish-source-cat-wet-food--28-oz-highprotein-stew-grain-free-56240.html
Pro Plan Vital Systems Chicken EntrÃ©e Adult Cat Food with Gravy 3OZ,$2.19,/cat/food-and-treats/wet-food/pro-plan-vital-systems-chicken-entre-adult-cat-food-with-gravy-3oz-75556.html
Hill's® Science Diet® Adult Senior 7+ Wet Cat Food - 2.9 oz,$2.99,/cat/food-and-treats/wet-food/hills-science-diet-adult-senior-7-wet-cat-food--29-oz-42663.html
"Wellness® Healthy Indulgence Morsels Adult Cat Food - Grain Free, Natural, Salmon & Tuna",$3.69,/cat/food-and-treats/wet-food/wellness-healthy-indulgence-morsels-adult-cat-food--grain-free-natural-salmon-and-tuna-34667.html
"Wellness® Complete Health Kitten Wet Cat Food Pate - 3 oz, Natural, Grain Free",$2.69,/cat/food-and-treats/wet-food/wellness-complete-health-kitten-wet-cat-food-pate--3-oz-natural-grain-free-25940.html
Hill's Science Diet Adult Healthy Cuisine Cat Food - Tuna & Carrot Medley,$2.99,/cat/food-and-treats/wet-food/hills-science-diet-adult-healthy-cuisine-cat-food--tuna-and-carrot-medley-78132.html
"Merrick® Purrfect Bistro® Adult Wet Cat Food - 5.5 Oz., Corn Free, Grain Free",$3.17 - $3.99,/cat/food-and-treats/wet-food/merrick-purrfect-bistro-adult-wet-cat-food--55-oz-corn-free-grain-free-76005.html
Royal Canin® Feline Health Nutrition™ Weight Care Adult Cat Food,$3.49,/cat/food-and-treats/wet-food/royal-canin-feline-health-nutritionandtrade-weight-care-adult-cat-food-58244.html
Nutrience Care® Urinary Health Adult Cat Food,$3.39,/cat/food-and-treats/wet-food/nutrience-care-urinary-health-adult-cat-food-57983.html
Royal Canin Feline Care Nutrition Weight Care Loaf In Sauce Canned Cat Food,$4.49,/cat/food-and-treats/wet-food/royal-canin-feline-care-nutrition-weight-care-loaf-in-sauce-canned-cat-food-79463.html
Royal Canin Feline Health Nutrition Utra-Soft Mousse Kitten Food,$4.49,/cat/food-and-treats/wet-food/royal-canin-feline-health-nutrition-utrasoft-mousse-kitten-food-63319.html
"Weruva Slide N' Serve The Showcase Chowdown Wet Cat Food - Variety Pack, 16ct",$44.59,/cat/food-and-treats/wet-food/weruva-slide-n-serve-the-showcase-chowdown-wet-cat-food--variety-pack-16ct-76328.html
"Tiki Cat Silver Senior Cat Wet Food Variety Pack - 12ct, Natural, Grain Free",$28.99,/cat/food-and-treats/wet-food/tiki-cat-silver-senior-cat-wet-food-variety-pack--12ct-natural-grain-free-77547.html
"Tiki Cat® Grill Cat Food - Non-GMO, Grain & Potato Free - Variety Pack, 12 CT, 33.6 OZ",$26.99,/cat/food-and-treats/wet-food/tiki-cat-grill-cat-food--nongmo-grain-and-potato-free--variety-pack-12-ct-336-oz-57679.html
"Tiki Cat® Aloha Friends™ Wet Cat Food - Non-GMO, Grain & Potato Free, Variety Pack, 12ct",$25.99,/cat/food-and-treats/wet-food/tiki-cat-aloha-friendsandtrade-wet-cat-food--nongmo-grain-and-potato-free-variety-pack-12ct-57656.html
"Hill's® Science Diet® Adult Senior 7+ Wet Cat Food - Variety Pack, 12 CT, 33.6 OZ",$29.99,/cat/food-and-treats/wet-food/hills-science-diet-adult-senior-7-wet-cat-food--variety-pack-12-ct-336-oz-58021.html
"Merrick® Backcountry® Adult Wet Cat Food - Variety Pack, 12 CT, 36 OZ",$34.99,/cat/food-and-treats/wet-food/merrick-backcountry-adult-wet-cat-food--variety-pack-12-ct-36-oz-56049.html
"Merrick® Purrfect Bistro® Adult Wet Cat Food - Variety Pack, 12 CT, 66 OZ",$49.99,/cat/food-and-treats/wet-food/merrick-purrfect-bistro-adult-wet-cat-food--variety-pack-12-ct-66-oz-52193.html
"Wellness® CORE® Tiny Tasters Wet Cat Food - Natural, Variety Pack, 12 CT, 21 OZ",$27.99,/cat/food-and-treats/wet-food/wellness-core-tiny-tasters-wet-cat-food--natural-variety-pack-12-ct-21-oz-52299.html
"Instinct® All Life Stage Wet Cat Food - Grain Free, Variety Count, 12 ct.",$44.99,/cat/food-and-treats/wet-food/instinct-all-life-stage-wet-cat-food--grain-free-variety-count-12-ct-52346.html
"Instinct® All Life Stage Wet Cat Food - Grain Free, Variety pack, 12 ct",$31.99,/cat/food-and-treats/wet-food/instinct-all-life-stage-wet-cat-food--grain-free-variety-pack-12-ct-52345.html
"Nutro Perfect Portions Wet Chunks Adult Wet Cat Food - Grain Free, Variety Pack, 24 Count",$47.99,/cat/food-and-treats/wet-food/nutro-perfect-portions-wet-chunks-adult-wet-cat-food--grain-free-variety-pack-24-count-51395.html
Fancy Feast® Chunks Wet Cat Food,$1.09,/cat/food-and-treats/wet-food/fancy-feast-chunks-wet-cat-food-1261.html
Purina® Friskies® Indoor Delights® Cat Food,$1.09,/cat/food-and-treats/wet-food/purina-friskies-indoor-delights-cat-food-12843.html
Fancy Feast® Gravy Lovers Wet Cat Food,$1.09,/cat/food-and-treats/wet-food/fancy-feast-gravy-lovers-wet-cat-food-21182.html
"Authority® Everyday Health Indoor Cat Wet Food - 3 Oz, Pate, With-Grain",$1.99,/cat/food-and-treats/wet-food/authority-everyday-health-indoor-cat-wet-food--3-oz-pate-withgrain-51696.html
"Simply Nourish® Original Cat Wet Food - 3 Oz, Natural, Morsels in Broth, With-Grain",$1.49,/cat/food-and-treats/wet-food/simply-nourish-original-cat-wet-food--3-oz-natural-morsels-in-broth-withgrain-51888.html
"Simply Nourish® Source Cat Meal Topper - 3 Oz, Natural, High-Protein, Grain Free",$1.99,/cat/food-and-treats/wet-food/simply-nourish-source-cat-meal-topper--3-oz-natural-highprotein-grain-free-51912.html
Wellness Complete Health Grain Free Senior Wet Cat Food Chicken Recipe 3 Oz,$2.69,/cat/food-and-treats/wet-food/wellness-complete-health-grain-free-senior-wet-cat-food-chicken-recipe-3-oz-70861.html
"Hill's® Science Diet® Adult Wet Cat Food - Chunks & Gravy, 2.8 oz Pouch",$2.99,/cat/food-and-treats/wet-food/hills-science-diet-adult-wet-cat-food--chunks-and-gravy-28-oz-pouch-58004.html
Hill's® Science Diet® Kitten Wet Cat Food - 2.8 oz Pouch,$2.99,/cat/food-and-treats/wet-food/hills-science-diet-kitten-wet-cat-food--28-oz-pouch-58015.html
"Authority® Everyday Health Indoor Kitten Cat Wet Food - 5.5 Oz, Pate, With-Grain",$2.89,/cat/food-and-treats/wet-food/authority-everyday-health-indoor-kitten-cat-wet-food--55-oz-pate-withgrain-57087.html
Hill's Science Diet Adult 11+ Healthy Cuisine Cat Food - Tuna & Carrot Medley,$2.99,/cat/food-and-treats/wet-food/hills-science-diet-adult-11-healthy-cuisine-cat-food--tuna-and-carrot-medley-78135.html
"Purina Pro Plan Sensitive Skin & Stomach Adult Wet Cat Food - Grain Free, Chicken",$2.19,/cat/food-and-treats/wet-food/purina-pro-plan-sensitive-skin-and-stomach-adult-wet-cat-food--grain-free-chicken-72367.html
"Nutro Perfect Portions Pate Adult Wet Cat Food - Grain Free, 2.64oz",$2.49,/cat/food-and-treats/wet-food/nutro-perfect-portions-pate-adult-wet-cat-food--grain-free-264oz-28144.html
Hill's Science Diet Adult 7+ Cat Food - Beef Entree,$3.49,/cat/food-and-treats/wet-food/hills-science-diet-adult-7-cat-food--beef-entree-78139.html
"Wellness® Complete Health Kitten Wet Cat Food Pate - 5.5 oz, Natural, Grain Free",$3.99,/cat/food-and-treats/wet-food/wellness-complete-health-kitten-wet-cat-food-pate--55-oz-natural-grain-free-68680.html
"Blue Buffalo® Tastefuls™ Adult Cat Food - Natural, Ocean Fish & Tuna",$2.39,/cat/food-and-treats/wet-food/blue-buffalo-tastefulsandtrade-adult-cat-food--natural-ocean-fish-and-tuna-70840.html
Purina Pro Plan Prime Plus Adult 7+ Cat Food - Salmon & Tuna,$2.19,/cat/food-and-treats/wet-food/purina-pro-plan-prime-plus-adult-7-cat-food--salmon-and-tuna-43789.html
"Wellness® CORE® Adult Cat Food Digestive Health, Grain Free, Chicken",$3.29,/cat/food-and-treats/wet-food/wellness-core-adult-cat-food-digestive-health-grain-free-chicken-64467.html
"Wellness® Signature Selects Cat Food - Natural, Grain Free",$5.49,/cat/food-and-treats/wet-food/wellness-signature-selects-cat-food--natural-grain-free-18535.html
"Wellness® Signature Selects Cat Food - Natural, Grain Free",$5.49,/cat/food-and-treats/wet-food/wellness-signature-selects-cat-food--natural-grain-free-12912.html
Royal Canin® Feline Health Nutrition™ Aging 12+ Cat Food,$3.49,/cat/food-and-treats/wet-food/royal-canin-feline-health-nutritionandtrade-aging-12-cat-food-52107.html
Royal Canin® Feline Health Nutrition™ Intense Beauty Adult Cat Food,$3.49,/cat/food-and-treats/wet-food/royal-canin-feline-health-nutritionandtrade-intense-beauty-adult-cat-food-52108.html
"Hill's® Science Diet® Indoor Adult Wet Cat Food - Minced, 5.5 oz",$3.49,/cat/food-and-treats/wet-food/hills-science-diet-indoor-adult-wet-cat-food--minced-55-oz-12823.html
"Hill's® Science Diet® Hairball Control Adult Wet Cat Food - Minced, 5.5 oz",$3.49,/cat/food-and-treats/wet-food/hills-science-diet-hairball-control-adult-wet-cat-food--minced-55-oz-12817.html
Royal Canin Feline Care Nutrition Digestive Care Loaf In Sauce Canned Cat Food,$4.49,/cat/food-and-treats/wet-food/royal-canin-feline-care-nutrition-digestive-care-loaf-in-sauce-canned-cat-food-79454.html
"Simply Nourish Natural Kitten Wet Food - Pate, 3 oz",$1.49,/cat/food-and-treats/wet-food/simply-nourish-natural-kitten-wet-food--pate-3-oz-80963.html
"Authority Sensitive Stomach + Skin Adult Cat Wet Food - Pate, 3 oz",$1.89,/cat/food-and-treats/wet-food/authority-sensitive-stomach--skin-adult-cat-wet-food--pate-3-oz-80264.html
"B.F.F. OMG Gravy! For Tuna Lovers Wet Cat Food - 3 oz, Minced in Gravy",$2.19,/cat/food-and-treats/wet-food/bff-omg-gravy-for-tuna-lovers-wet-cat-food--3-oz-minced-in-gravy-76267.html
"Authority Adult Wet Cat Food - Entree in Gravy Shredded, 3 Oz.",$1.99,/cat/food-and-treats/wet-food/authority-adult-wet-cat-food--entree-in-gravy-shredded-3-oz-73790.html
"Authority Adult Wet Cat Food - Entree in Gravy, 3 Oz.",$1.99,/cat/food-and-treats/wet-food/authority-adult-wet-cat-food--entree-in-gravy-3-oz-73788.html
"Wellness® CORE® Tiny Tasters Kitten Minced Wet Cat Food # 1.75 oz, Natural, Grain Free",$2.49,/cat/food-and-treats/wet-food/wellness-core-tiny-tasters-kitten-minced-wet-cat-food--175-oz-natural-grain-free-68678.html
"Authority® Everyday Health Cat Wet Food - 3 Oz, Shreds in Gravy, With-Grain",$1.99,/cat/food-and-treats/wet-food/authority-everyday-health-cat-wet-food--3-oz-shreds-in-gravy-withgrain-63500.html
"Authority® Everyday Health Indoor Kitten Cat Wet Food - 3 Oz, Pate, With-Grain",$1.99,/cat/food-and-treats/wet-food/authority-everyday-health-indoor-kitten-cat-wet-food--3-oz-pate-withgrain-52364.html
"Natural Balance Platefulls Indoor Adult Cat Food - Grain Free, Chicken & Chicken Liver",$2.39,/cat/food-and-treats/wet-food/natural-balance-platefulls-indoor-adult-cat-food--grain-free-chicken-and-chicken-liver-30138.html
"Blue Buffalo® Wilderness™ Adult Wet Cat Food - Grain Free, Natural",$2.79 - $3.29,/cat/food-and-treats/wet-food/blue-buffalo-wildernessandtrade-adult-wet-cat-food--grain-free-natural-36986.html
"Simply Nourish Natural Wet Cat Food - Pate, 5.5 oz",$1.89,/cat/food-and-treats/wet-food/simply-nourish-natural-wet-cat-food--pate-55-oz-80942.html
"Authority Adult Wet Cat Food - Entree in Gravy Shredded, 3 Oz.",$1.99,/cat/food-and-treats/wet-food/authority-adult-wet-cat-food--entree-in-gravy-shredded-3-oz-73789.html
Purina Pro Plan Sensitive Skin & Stomach Grain Free Adult Wet Cat Food - Arctic Char,$2.19,/cat/food-and-treats/wet-food/purina-pro-plan-sensitive-skin-and-stomach-grain-free-adult-wet-cat-food--arctic-char-72366.html
"Blue Buffalo® Tastefuls™ Spoonless Singles Adult Wet Cat Food - Natural, Beef, Pate",$1.99,/cat/food-and-treats/wet-food/blue-buffalo-tastefulsandtrade-spoonless-singles-adult-wet-cat-food--natural-beef-pate-68655.html
"Authority® Digestive Support Cat Wet Food - 5.5 Oz, Puree, Grain Free",$1.99,/cat/food-and-treats/food-toppers/authority-digestive-support-cat-wet-food--55-oz-puree-grain-free-63492.html
"Authority® Everyday Health Cat Wet Food - 3 Oz, Flaked in Gravy, With-Grain",$1.99,/cat/food-and-treats/wet-food/authority-everyday-health-cat-wet-food--3-oz-flaked-in-gravy-withgrain-63499.html
"Simply Nourish® Shreds in a Creamy Sauce Kitten Wet Cat Food - Natural, With Grain",$1.49,/cat/food-and-treats/wet-food/simply-nourish-shreds-in-a-creamy-sauce-kitten-wet-cat-food--natural-with-grain-80836.html
"Simply Nourish® Shreds in a Creamy Sauce Adult Wet Cat Food - Natural, With Grain",$1.49,/cat/food-and-treats/wet-food/simply-nourish-shreds-in-a-creamy-sauce-adult-wet-cat-food--natural-with-grain-63236.html
Hill's® Science Diet® Adult Senior 7+ Wet Cat Food - 2.8 oz Pouch,$2.99,/cat/food-and-treats/wet-food/hills-science-diet-adult-senior-7-wet-cat-food--28-oz-pouch-59190.html
"Merrick® Backcountry® Kitten Wet Cat Food - 3 Oz., Corn Free, Gluten Free",$3.19,/cat/food-and-treats/wet-food/merrick-backcountry-kitten-wet-cat-food--3-oz-corn-free-gluten-free-53974.html
"Simply Nourish® Original Cat Wet Food - 3 Oz, Natural, Shreds in Creamy Sauce, With-Grain",$1.49,/cat/food-and-treats/wet-food/simply-nourish-original-cat-wet-food--3-oz-natural-shreds-in-creamy-sauce-withgrain-51891.html
"Nutro Perfect Portions Cuts in Gravy Adult Wet Cat Food - Grain Free , 2.64oz",$2.49,/cat/food-and-treats/wet-food/nutro-perfect-portions-cuts-in-gravy-adult-wet-cat-food--grain-free--264oz-43852.html
"Natural Balance Platefulls Indoor Adult Cat Food - Grain Free, Duck, Chicken & Pumpkin",$2.39,/cat/food-and-treats/wet-food/natural-balance-platefulls-indoor-adult-cat-food--grain-free-duck-chicken-and-pumpkin-30162.html
"Simply Nourish® Mousse Cat Meal Topper - Natural, 3 Oz",$1.79,/cat/food-and-treats/wet-food/simply-nourish-mousse-cat-meal-topper--natural-3-oz-67667.html
"Simply Nourish Source Natural Adult Cat Food - Grain Free, Shreds, 2.8 oz",$2.09,/cat/food-and-treats/wet-food/simply-nourish-source-natural-adult-cat-food--grain-free-shreds-28-oz-83862.html
"Weruva Kitten Wet Cat Food - 3 oz, Minced in Gravy",$2.69,/cat/food-and-treats/wet-food/weruva-kitten-wet-cat-food--3-oz-minced-in-gravy-76317.html
"Applaws Cat Wet Food Complement - Natural, Limited Ingredient, 3 Oz",$2.29,/cat/food-and-treats/food-toppers/applaws-cat-wet-food-complement--natural-limited-ingredient-3-oz-77506.html
"Authority Healthy Aging Senior Wet Cat Food - Pate, 3 Oz.",$1.99,/cat/food-and-treats/wet-food/authority-healthy-aging-senior-wet-cat-food--pate-3-oz-73786.html
Purina Pro Plan Hairball Control Adult Wet Cat Food - Ocean Whitefish & Tuna,$2.19,/cat/food-and-treats/wet-food/purina-pro-plan-hairball-control-adult-wet-cat-food--ocean-whitefish-and-tuna-72365.html
"Reveal All Life Stage Wet Cat Food in Broth - 2.47 Oz, Limited Ingredient, Grain Free",$2.19,/cat/food-and-treats/wet-food/reveal-all-life-stage-wet-cat-food-in-broth--247-oz-limited-ingredient-grain-free-70757.html
"Blue Buffalo® Tastefuls™ Adult Cat Food - Natural, Salmon",$2.39,/cat/food-and-treats/wet-food/blue-buffalo-tastefulsandtrade-adult-cat-food--natural-salmon-72759.html
"Blue Buffalo® Tastefuls™ Spoonless Singles Adult Wet Cat Food - Natural, Chicken, Cuts in Grav",$1.99,/cat/food-and-treats/wet-food/blue-buffalo-tastefulsandtrade-spoonless-singles-adult-wet-cat-food--natural-chicken-cuts-in-grav-68656.html
"Tiki Cat® Grill Wet Cat Food - 2.8oz, Natural, Grain Free",$2.29 - $2.79,/cat/food-and-treats/wet-food/tiki-cat-grill-wet-cat-food--28oz-natural-grain-free-63307.html
Authority Entree in Gravy Adult Wet Kitten Food,$1.99,/cat/food-and-treats/wet-food/authority-entree-in-gravy-adult-wet-kitten-food-63497.html
"Tiki Cat® After Dark™ Wet Cat Food - Non-GMO, Grain & Potato Free, 2.8oz",$2.99,/cat/food-and-treats/wet-food/tiki-cat-after-darkandtrade-wet-cat-food--nongmo-grain-and-potato-free-28oz-57644.html
"Tiki Cat® Velvet™ Mousse Kitten Food - Non-GMO, Grain & Potato Free, Chicken & Chicken Liver",$2.99,/cat/food-and-treats/wet-food/tiki-cat-velvetandtrade-mousse-kitten-food--nongmo-grain-and-potato-free-chicken-and-chicken-liver-57718.html
Applaws® Natural Cat Food Adult Cat Food - Limited Ingredients,$2.29,/cat/food-and-treats/wet-food/applaws-natural-cat-food-adult-cat-food--limited-ingredients-57613.html
"Simply Nourish® Source Kitten Cat Wet Food - 3 Oz, High-Protein, Pate, Grain Free",$1.99,/cat/food-and-treats/wet-food/simply-nourish-source-kitten-cat-wet-food--3-oz-highprotein-pate-grain-free-54740.html
"Simply Nourish Source Natural Adult Cat Food - Hight Protein, Grain Free, Pate, 3 oz",$1.99,/cat/food-and-treats/wet-food/simply-nourish-source-natural-adult-cat-food--hight-protein-grain-free-pate-3-oz-80967.html
"Simply Nourish® Original Kitten Cat Wet Food - 3 Oz, Natural, Morsels in Broth, With-Grain",$1.49,/cat/food-and-treats/wet-food/simply-nourish-original-kitten-cat-wet-food--3-oz-natural-morsels-in-broth-withgrain-51889.html
"Nutro Perfect Portions Pate Adult Wet Cat Food - Grain Free, 2.64oz",$2.49,/cat/food-and-treats/wet-food/nutro-perfect-portions-pate-adult-wet-cat-food--grain-free-264oz-28145.html
"Blue Buffalo® Wilderness™  Kitten Wet Cat Food - Grain Free, 3 Oz.",$2.79,/cat/food-and-treats/wet-food/blue-buffalo-wildernessandtrade--kitten-wet-cat-food--grain-free-3-oz-22157.html
"Wellness Core Kitten Wet Cat Food - Grain Free, Pate, 3 Oz",$3.29,/cat/food-and-treats/wet-food/wellness-core-kitten-wet-cat-food--grain-free-pate-3-oz-81287.html
"Tiki Cat After Dark Adult Cat Food - High Protein, Soft Pate, 3 Oz",$3.19,/cat/food-and-treats/wet-food/tiki-cat-after-dark-adult-cat-food--high-protein-soft-pate-3-oz-80969.html
"Tiki Cat® Born Carnivore Complements Cat Food Topper - Grain Free, 2.1 OZ",$2.49,/cat/food-and-treats/wet-food/tiki-cat-born-carnivore-complements-cat-food-topper--grain-free-21-oz-84796.html
"Tiki Cat Baby Kitten Wet Food - High Protein, Pate, 2.4 OZ",$2.49,/cat/food-and-treats/wet-food/tiki-cat-baby-kitten-wet-food--high-protein-pate-24-oz-84764.html
"Simply Nourish Layers Natural Adult Wet Cat Food - Pate & Shreds, 3 oz",$2.19,/cat/food-and-treats/wet-food/simply-nourish-layers-natural-adult-wet-cat-food--pate-and-shreds-3-oz-83864.html
"Simply Nourish Natural Adult Wet Cat Food - Pate, Split Cups, 2.65 oz",$1.99,/cat/food-and-treats/wet-food/simply-nourish-natural-adult-wet-cat-food--pate-split-cups-265-oz-80965.html
"Authority Healthy Weight Adult Cat Wet Food - Shredded, 3 Oz",$1.89,/cat/food-and-treats/wet-food/authority-healthy-weight-adult-cat-wet-food--shredded-3-oz-80263.html
"Authority Kitten Wet Food - Split Cup, Pate, 2.65 oz",$2.29,/cat/food-and-treats/wet-food/authority-kitten-wet-food--split-cup-pate-265-oz-80261.html
Kit Cat Goat Milk Wet Cat Food - Chicken & Cheese,$2.19,/cat/food-and-treats/wet-food/kit-cat-goat-milk-wet-cat-food--chicken-and-cheese-78157.html
Almo Nature Wet Cat Food - Chicken Recipe with Duck,$2.39,/cat/food-and-treats/wet-food/almo-nature-wet-cat-food--chicken-recipe-with-duck-78217.html
Almo Nature Wet Cat Food - Chicken Drumstick in Broth,$2.39,/cat/food-and-treats/wet-food/almo-nature-wet-cat-food--chicken-drumstick-in-broth-78211.html
Almo Nature Wet Cat Food - Chicken Recipe with Turkey,$2.39,/cat/food-and-treats/wet-food/almo-nature-wet-cat-food--chicken-recipe-with-turkey-78203.html
Almo Nature Wet Cat Food - Salmon Recipe with Apples,$2.39,/cat/food-and-treats/wet-food/almo-nature-wet-cat-food--salmon-recipe-with-apples-78197.html
"Tiki Cat Silver Senior Wet Cat Food - Natural, 2.4oz",$2.49,/cat/food-and-treats/wet-food/tiki-cat-silver-senior-wet-cat-food--natural-24oz-77560.html
"Tiki Cat Silver Mousse & Shreds Senior Cat Wet Food - Natural, 2.4oz",$2.49,/cat/food-and-treats/wet-food/tiki-cat-silver-mousse-and-shreds-senior-cat-wet-food--natural-24oz-77546.html
"SHEBA Bistro Perfect Portions Adult Wet Cat Food - Natural, Grain Free, Chicken",$1.59,/cat/food-and-treats/wet-food/sheba-bistro-perfect-portions-adult-wet-cat-food--natural-grain-free-chicken-75843.html
"B.F.F. OMG Gravy! For Land & Sea Lovers Wet Cat Food - 2.8 oz, Minced in Gravy",$2.29,/cat/food-and-treats/wet-food/bff-omg-gravy-for-land-and-sea-lovers-wet-cat-food--28-oz-minced-in-gravy-77597.html
Fancy Feast® Petites In Gravy Wet Cat Food,$1.39,/cat/food-and-treats/wet-food/fancy-feast-petites-in-gravy-wet-cat-food-65427.html
"Tiki Cat® Luau Pate Cat Wet Food - 2.8oz, Natural, Grain Free",$2.79,/cat/food-and-treats/wet-food/tiki-cat-luau-pate-cat-wet-food--28oz-natural-grain-free-73180.html
"Tiki Cat Baby Kitten Wet Cat Food - 2.4oz, Natural",$2.49,/cat/food-and-treats/wet-food/tiki-cat-baby-kitten-wet-cat-food--24oz-natural-68802.html
"Blue Buffalo® Tastefuls™ Adult Cat Food - Natural, Tuna",$2.39,/cat/food-and-treats/wet-food/blue-buffalo-tastefulsandtrade-adult-cat-food--natural-tuna-70856.html
"Blue Buffalo® Tastefuls™ Senior Cat Food - Natural, Chicken",$1.79,/cat/food-and-treats/wet-food/blue-buffalo-tastefulsandtrade-senior-cat-food--natural-chicken-70851.html
"Blue Buffalo® Tastefuls™ Adult Cat Food - Natural, Beef",$2.39,/cat/food-and-treats/wet-food/blue-buffalo-tastefulsandtrade-adult-cat-food--natural-beef-72566.html
"Blue Buffalo® Tastefuls™ Spoonless Singles Adult Wet Cat Food - Natural, Turkey, Cuts in Gravy",$1.99,/cat/food-and-treats/wet-food/blue-buffalo-tastefulsandtrade-spoonless-singles-adult-wet-cat-food--natural-turkey-cuts-in-gravy-68663.html
Hill's® Science Diet® Sensitive Stomach & Skin Adult Wet Cat Food - 2.8 oz,$2.99,/cat/food-and-treats/wet-food/hills-science-diet-sensitive-stomach-and-skin-adult-wet-cat-food--28-oz-74801.html
"Tiki Cat® Wet Cat Food - Non-GMO, Grain & Potato Free",$3.29,/cat/food-and-treats/wet-food/tiki-cat-wet-cat-food--nongmo-grain-and-potato-free-63310.html
"Blue Buffalo® Wilderness™ Adult Treat Cat Food - Natural, Chicken & Trout",$3.29,/cat/food-and-treats/wet-food/blue-buffalo-wildernessandtrade-adult-treat-cat-food--natural-chicken-and-trout-59585.html
"Tiki Cat® Special™ Function Formula Wet Cat Food - Supports Healthy Digestion, Duck Liver & Eg",$2.99,/cat/food-and-treats/wet-food/tiki-cat-specialandtrade-function-formula-wet-cat-food--supports-healthy-digestion-duck-liver-and-eg-57700.html
"Tiki Cat® Velvet™ Mousse Kitten Food - Non-GMO, Salmon & Chicken",$2.99,/cat/food-and-treats/wet-food/tiki-cat-velvetandtrade-mousse-kitten-food--nongmo-salmon-and-chicken-57719.html
Hill's® Science Diet® Adult Wet Cat Food - 2.8 oz Pouch,$2.99,/cat/food-and-treats/wet-food/hills-science-diet-adult-wet-cat-food--28-oz-pouch-58022.html
"Merrick® Purrfect Bistro® Adult Wet Cat Food - 3 Oz., Corn Free, Grain Free",$3.19,/cat/food-and-treats/food-toppers/merrick-purrfect-bistro-adult-wet-cat-food--3-oz-corn-free-grain-free-56048.html
"Merrick® Purrfect Bistro® Adult Wet Cat Food - 3 Oz., Corn Free, Grain Free",$3.19,/cat/food-and-treats/wet-food/merrick-purrfect-bistro-adult-wet-cat-food--3-oz-corn-free-grain-free-56046.html
"Catit® Fish Dinner Adult Cat Food with Whitefish and Pumpkin in Gravy, Low Fat",$2.39,/cat/food-and-treats/wet-food/catit-fish-dinner-adult-cat-food-with-whitefish-and-pumpkin-in-gravy-low-fat-55887.html
"Catit® Fish Dinner Adult Cat Food with Salmon and Green Beans in Gravy, Low Fat",$2.39,/cat/food-and-treats/wet-food/catit-fish-dinner-adult-cat-food-with-salmon-and-green-beans-in-gravy-low-fat-55885.html
"Catit® Fish Dinner Adult Cat Food with Tuna and Carrots in Gravy, Low Fat",$2.39,/cat/food-and-treats/wet-food/catit-fish-dinner-adult-cat-food-with-tuna-and-carrots-in-gravy-low-fat-55884.html
Iams Perfect Portions Healthy Kitten Wet Cat Food Grain Free Chicken Cuts In Gravy,$1.79,/cat/food-and-treats/wet-food/iams-perfect-portions-healthy-kitten-wet-cat-food-grain-free-chicken-cuts-in-gravy-53667.html
Purina® Beyond® Grain Free Adult Cat Food - Duck & Sweet Potato Pate Recipe,$1.69,/cat/food-and-treats/wet-food/purina-beyond-grain-free-adult-cat-food--duck-and-sweet-potato-pate-recipe-53688.html
"Applaws Cat Wet Food Complement - Natural, Limited Ingredient, Grain Free, 2.47 Oz",$2.29,/cat/food-and-treats/wet-food/applaws-cat-wet-food-complement--natural-limited-ingredient-grain-free-247-oz-50706.html
"SHEBA Gravy Indulgence Perfect Portions Adult Wet Cat Food - Chicken, Beef, Salmon",$29.99,/cat/food-and-treats/wet-food/sheba-gravy-indulgence-perfect-portions-adult-wet-cat-food--chicken-beef-salmon-83464.html
"Nulo Simply Shreds Cat Food Topper - 12 Ct, Variety Pack",$24.99,/cat/food-and-treats/wet-food/nulo-simply-shreds-cat-food-topper--12-ct-variety-pack-81748.html
"Tiki Cat Luau Lean Adult Cat Food - Low Calorie, Low Fat, In Gelee 12 Ct Variety Pack",$33.99,/cat/food-and-treats/wet-food/tiki-cat-luau-lean-adult-cat-food--low-calorie-low-fat-in-gelee-12-ct-variety-pack-84792.html
"Reveal Fish Selection Senior Cat Wet Food - Grain Free, Mousse with Flakes, 8 Ct",$15.79,/cat/food-and-treats/wet-food/reveal-fish-selection-senior-cat-wet-food--grain-free-mousse-with-flakes-8-ct-84814.html
Purina® Beyond® Grain Free Adult Wet Cat Food - Variety Pack,$18.99,/cat/food-and-treats/wet-food/purina-beyond-grain-free-adult-wet-cat-food--variety-pack-77631.html
SHEBA Bistro Perfect Portions Adult Wet Cat Food Variety Pack - 24 Twin-Packs,$29.99,/cat/food-and-treats/wet-food/sheba-bistro-perfect-portions-adult-wet-cat-food-variety-pack--24-twinpacks-75845.html
SHEBA Bistro Perfect Portions Adult Wet Cat Food Variety 12-Pack - Chicken & Salmon,$16.99,/cat/food-and-treats/wet-food/sheba-bistro-perfect-portions-adult-wet-cat-food-variety-12pack--chicken-and-salmon-75839.html
"Tiki Cat Fish Favorites Pate Variety Pack - 24 Ct, 67.2 OZ",$66.99,/cat/food-and-treats/wet-food/tiki-cat-fish-favorites-pate-variety-pack--24-ct-672-oz-82257.html
"Tiki Cat Chicken Craves Pate Variety Pack - 24 Ct, 67.2 OZ",$77.99,/cat/food-and-treats/wet-food/tiki-cat-chicken-craves-pate-variety-pack--24-ct-672-oz-77548.html
Purina Beyond Fish Adult Wet Cat Food Variety Pack,$34.99,/cat/food-and-treats/wet-food/purina-beyond-fish-adult-wet-cat-food-variety-pack-71918.html
Iams Perfect Portions Grain Free Healthy Adult Cat Food - Chicken and Tuna Flavor,$34.99,/cat/food-and-treats/wet-food/iams-perfect-portions-grain-free-healthy-adult-cat-food--chicken-and-tuna-flavor-71909.html
"Tiki Cat® LUAU Pate Cat Food Non-GMO, Natural, Grain & Potato Free - Variety Pack, 8 CT, 44 OZ",$35.99,/cat/food-and-treats/wet-food/tiki-cat-luau-pate-cat-food-nongmo-natural-grain-and-potato-free--variety-pack-8-ct-44-oz-68810.html
"Blue Buffalo® Tastefuls™ Adult Cat Food Variety Pack - Natural, Pate",$19.99,/cat/food-and-treats/wet-food/blue-buffalo-tastefulsandtrade-adult-cat-food-variety-pack--natural-pate-70852.html
"Blue Buffalo® Tastefuls™ Adult Cat Food Variety Pack - Natural, Flaked",$19.99,/cat/food-and-treats/wet-food/blue-buffalo-tastefulsandtrade-adult-cat-food-variety-pack--natural-flaked-70836.html
"Blue Buffalo® Tastefuls™ Adult Cat Food Variety Pack - Natural, Chicken & Turkey",$21.99,/cat/food-and-treats/wet-food/blue-buffalo-tastefulsandtrade-adult-cat-food-variety-pack--natural-chicken-and-turkey-70721.html
Fancy Feast® Petites Pâté Wet Cat Food Variety Pack,$13.99 - $28.99,/cat/food-and-treats/wet-food/fancy-feast-petites-pt-wet-cat-food-variety-pack-1338.html
WHISKAS® Perfect Portions™ Cuts In Gravy & Pate Variety Pack Cat Food - 24 pack,placeholder,/cat/food-and-treats/wet-food/whiskas-perfect-portionsandtrade-cuts-in-gravy-and-pate-variety-pack-cat-food--24-pack-58915.html
WHISKAS® Salmon & Poultry Selections Pate Variety Pack Cat Food - 24 pack,placeholder,/cat/food-and-treats/wet-food/whiskas-salmon-and-poultry-selections-pate-variety-pack-cat-food--24-pack-58913.html
Purina® Beyond® Grain Free Poultry Pate Adult Cat Food - 3 Flavours Variety Pack,$18.99,/cat/food-and-treats/wet-food/purina-beyond-grain-free-poultry-pate-adult-cat-food--3-flavours-variety-pack-57956.html
Purina® Beyond® Grain Free Pate Adult Cat Food - 3 Flavours Variety Pack,$18.99,/cat/food-and-treats/wet-food/purina-beyond-grain-free-pate-adult-cat-food--3-flavours-variety-pack-53670.html
"Purina® Friskies® Tasty Treasures Wet Cat Food - Variety Pack, 24 ct",$23.99,/cat/food-and-treats/wet-food/purina-friskies-tasty-treasures-wet-cat-food--variety-pack-24-ct-50321.html
"Purina® Friskies® Gravy Pleasure Wet Cat Food - Variety Pack, 24 Ct",$23.99,/cat/food-and-treats/wet-food/purina-friskies-gravy-pleasure-wet-cat-food--variety-pack-24-ct-50319.html
"Iams® Perfect Portions Healthy Adult Cat Food - Grain Free, Multipack, Chicken & Salmon",$19.99,/cat/food-and-treats/wet-food/iams-perfect-portions-healthy-adult-cat-food--grain-free-multipack-chicken-and-salmon-53660.html
Fancy Feast® Creamy Delights Wet Cat Food Variety Pack,$12.29,/cat/food-and-treats/wet-food/fancy-feast-creamy-delights-wet-cat-food-variety-pack-42972.html
Fancy Feast® Medleys Pâté Wet Cat Food Variety Pack,$12.49,/cat/food-and-treats/wet-food/fancy-feast-medleys-pt-wet-cat-food-variety-pack-42969.html
Fancy Feast® Shrimp Trio Wet Cat Food Variety Pack,$12.29,/cat/food-and-treats/wet-food/fancy-feast-shrimp-trio-wet-cat-food-variety-pack-42968.html
"Whiskas Adult Wet Cat Food Paté Variety Pack, 24ct",placeholder,/cat/food-and-treats/wet-food/whiskas-adult-wet-cat-food-pat-variety-pack-24ct-38978.html
"Whiskas Seafood Selections Adult Wet Cat Food Paté Variety Pack, 12ct",$18.99,/cat/food-and-treats/wet-food/whiskas-seafood-selections-adult-wet-cat-food-pat-variety-pack-12ct-1410.html
Almo Nature Classic Wet Cat Food - Chicken Recipe in Gravy,$1.89,/cat/food-and-treats/wet-food/almo-nature-classic-wet-cat-food--chicken-recipe-in-gravy-83621.html
Almo Nature Classic Wet Cat Food - Mackerel Recipe with Pumpkin in Gravy,$1.89,/cat/food-and-treats/wet-food/almo-nature-classic-wet-cat-food--mackerel-recipe-with-pumpkin-in-gravy-83622.html
Almo Nature Wet Cat Food - Chicken Recipe with Tuna in Gravy,$1.89,/cat/food-and-treats/wet-food/almo-nature-wet-cat-food--chicken-recipe-with-tuna-in-gravy-83620.html
SHEBA Gravy Indulgence Perfect Portions Adult Wet Cat Food - Chicken,$1.59,/cat/food-and-treats/wet-food/sheba-gravy-indulgence-perfect-portions-adult-wet-cat-food--chicken-84734.html
SHEBA Perfect Portions Wet Kitten Cat Food - Salmon,$1.59,/cat/food-and-treats/wet-food/sheba-perfect-portions-wet-kitten-cat-food--salmon-83463.html
"Hill's Science Diet Adult Cat Food - Perfect Weight, 2.9 Oz",$2.99,/cat/food-and-treats/wet-food/hills-science-diet-adult-cat-food--perfect-weight-29-oz-81526.html
"Hill's Science Diet Adult Wet Cat Food - Sensitive Stomach & Skin, 2.9 Oz",$2.99,/cat/food-and-treats/wet-food/hills-science-diet-adult-wet-cat-food--sensitive-stomach-and-skin-29-oz-81524.html
"Hill's Science Diet Kitten Wet Food - Sensitive Stomach and Skin, 2.8 Oz",$2.99,/cat/food-and-treats/wet-food/hills-science-diet-kitten-wet-food--sensitive-stomach-and-skin-28-oz-81522.html
"Nulo Simply Shreds Cat Food Topper - High Protein, 2.5 Oz",$2.29,/cat/food-and-treats/wet-food/nulo-simply-shreds-cat-food-topper--high-protein-25-oz-81747.html
Nutrience Trattoria Gourmet Adult Cat Food - Veal,$2.99,/cat/food-and-treats/wet-food/nutrience-trattoria-gourmet-adult-cat-food--veal-83558.html
"Authority Skin + Coat Support Adult Cat Wet Food - Pate, 3 OZ",$1.89,/cat/food-and-treats/wet-food/authority-skin--coat-support-adult-cat-wet-food--pate-3-oz-80265.html
Royal Canin Feline Breed Nutrition Persian Adult Canned Cat Food - Chicken & Pork,$3.49,/cat/food-and-treats/wet-food/royal-canin-feline-breed-nutrition-persian-adult-canned-cat-food--chicken-and-pork-79466.html
"Blue Buffalo® Freedom™  Kitten Wet Cat Food - Grain Free, 3 Oz.",$2.27,/cat/food-and-treats/wet-food/blue-buffalo-freedomandtrade--kitten-wet-cat-food--grain-free-3-oz-22155.html
"Blue Buffalo® Freedom™  Adult Wet Cat Food - Grain Free, 3 Oz.",$2.79,/cat/food-and-treats/wet-food/blue-buffalo-freedomandtrade--adult-wet-cat-food--grain-free-3-oz-784.html
BLUE Tastefuls Adult Dry Cat Food - Chicken & Brown Rice,$19.49,/cat/food-and-treats/wet-food/blue-tastefuls-adult-dry-cat-food--chicken-and-brown-rice-84090.html
Catit Divine Shreds Cat Food - Tuna with Shrimp and Pumpkin,$7.99,/cat/food-and-treats/wet-food/catit-divine-shreds-cat-food--tuna-with-shrimp-and-pumpkin-83325.html
Catit Divine Shreds Cat Food - Tuna with Shrimp and Sweet Potato,$7.99,/cat/food-and-treats/wet-food/catit-divine-shreds-cat-food--tuna-with-shrimp-and-sweet-potato-84274.html
Catit Divine Shreds Cat Food - Chicken with Salmon & Pumpkin,$7.99,/cat/food-and-treats/wet-food/catit-divine-shreds-cat-food--chicken-with-salmon-and-pumpkin-84273.html
Catit Divine Shreds Cat Food - Chicken with Tuna and Carrot,$7.99,/cat/food-and-treats/wet-food/catit-divine-shreds-cat-food--chicken-with-tuna-and-carrot-84272.html
Almo Nature Wet Cat Food - Tuna with Anchovies in broth,$2.39,/cat/food-and-treats/wet-food/almo-nature-wet-cat-food--tuna-with-anchovies-in-broth-83344.html
Almo Nature Wet Cat Food - Whitefish with Mackerel in Broth,$2.39,/cat/food-and-treats/wet-food/almo-nature-wet-cat-food--whitefish-with-mackerel-in-broth-83340.html
Almo Nature Classic Wet Cat Food - Tuna Recipe in Gravy,$1.89,/cat/food-and-treats/wet-food/almo-nature-classic-wet-cat-food--tuna-recipe-in-gravy-83623.html
Almo Nature Classic Wet Cat Food - Tuna Recipe with Salmon in Gravy,$1.89,/cat/food-and-treats/wet-food/almo-nature-classic-wet-cat-food--tuna-recipe-with-salmon-in-gravy-83624.html
Almo Nature Wet Cat Food - Tuna Recipe in Gravy,$2.39,/cat/food-and-treats/wet-food/almo-nature-wet-cat-food--tuna-recipe-in-gravy-83640.html
"Halo Holistic Adult Cat Food Variety Pack - Grain Free, Poultry",$44.99,/cat/food-and-treats/wet-food/halo-holistic-adult-cat-food-variety-pack--grain-free-poultry-83339.html
SHEBA Gravy Indulgence Perfect Portions Adult Wet Cat Food - Salmon,$1.59,/cat/food-and-treats/wet-food/sheba-gravy-indulgence-perfect-portions-adult-wet-cat-food--salmon-83466.html
SHEBA Gravy Indulgence Perfect Portions Adult Wet Cat Food - Beef,$1.59,/cat/food-and-treats/wet-food/sheba-gravy-indulgence-perfect-portions-adult-wet-cat-food--beef-84735.html
SHEBA Gravy Indulgence Perfect Portions Adult Wet Cat Food - Variety Pack 12 Count,$16.99,/cat/food-and-treats/wet-food/sheba-gravy-indulgence-perfect-portions-adult-wet-cat-food--variety-pack-12-count-83465.html
"Hill's Science Diet Kitten Wet Food - Pate, Salmon",$2.99,/cat/food-and-treats/wet-food/hills-science-diet-kitten-wet-food--pate-salmon-81768.html
"Hill's Science Diet Adult Wet Cat Food - Urinary Hairball Control, Pate, 12 Ct, 35.2 Oz",$29.99,/cat/food-and-treats/wet-food/hills-science-diet-adult-wet-cat-food--urinary-hairball-control-pate-12-ct-352-oz-81766.html
"Hill's Science Diet Adult Wet Cat Food - Morsels, 12 Ct, 65.6 Oz",$34.99,/cat/food-and-treats/wet-food/hills-science-diet-adult-wet-cat-food--morsels-12-ct-656-oz-81765.html
"Hill's Science Diet Adult Wet Cat Food - Sensitive Stomach & Skin, 12 Count, Variety Pack, 35.2 Oz",$29.99,/cat/food-and-treats/wet-food/hills-science-diet-adult-wet-cat-food--sensitive-stomach-and-skin-12-count-variety-pack-352-oz-81764.html
"Hill's Science Diet Adult Wet Cat Food - Minced Variety Pack, 12 Coun, 65.6 Oz",$34.99,/cat/food-and-treats/wet-food/hills-science-diet-adult-wet-cat-food--minced-variety-pack-12-coun-656-oz-81763.html
"Blue Buffalo Wilderness Wet Cat Food - Chicken, Salmon, Turkey",$33.99,/cat/food-and-treats/wet-food/blue-buffalo-wilderness-wet-cat-food--chicken-salmon-turkey-83347.html
"Hill's Science Diet Adult Wet Can Food - Pate, 2.9 Oz",$2.99,/cat/food-and-treats/wet-food/hills-science-diet-adult-wet-can-food--pate-29-oz-81528.html
"Hill's Science Diet Indoor Adult Wet Cat Food - Stew, 5.5 Oz",$3.49,/cat/food-and-treats/wet-food/hills-science-diet-indoor-adult-wet-cat-food--stew-55-oz-81523.html
Nutrience Trattoria Gourmet Adult Cat Food - Tuna with Clam,$2.99,/cat/food-and-treats/wet-food/nutrience-trattoria-gourmet-adult-cat-food--tuna-with-clam-83555.html
Nutrience Trattoria Gourmet Adult Cat Food - Chicken with Ham,$2.99,/cat/food-and-treats/wet-food/nutrience-trattoria-gourmet-adult-cat-food--chicken-with-ham-83548.html
Nutrience Trattoria Gourmet Adult Cat Food - Salmon,$2.99,/cat/food-and-treats/wet-food/nutrience-trattoria-gourmet-adult-cat-food--salmon-83552.html
Nutrience Trattoria Gourmet Adult Cat Food - Quail with Egg,$2.99,/cat/food-and-treats/wet-food/nutrience-trattoria-gourmet-adult-cat-food--quail-with-egg-83551.html
Nutrience Trattoria Gourmet Adult Cat Food - Seafood,$2.99,/cat/food-and-treats/wet-food/nutrience-trattoria-gourmet-adult-cat-food--seafood-83554.html
Nutrience Trattoria Gourmet Adult Cat Food - Turkey,$2.99,/cat/food-and-treats/wet-food/nutrience-trattoria-gourmet-adult-cat-food--turkey-83557.html
Nutrience Trattoria Gourmet Adult Cat Food - Mediterranean Fish,$2.99,/cat/food-and-treats/wet-food/nutrience-trattoria-gourmet-adult-cat-food--mediterranean-fish-83550.html
"Tiki Cat Luau Lean Adult Wet Cat Food - Low Calorie, Low Fat, In Gelee, 2.8 Oz",$2.99,/cat/food-and-treats/wet-food/tiki-cat-luau-lean-adult-wet-cat-food--low-calorie-low-fat-in-gelee-28-oz-84791.html
NUTRO Adult Wet Cat Food Cuts in Gravy Trays  -  Beef,$2.49,/cat/food-and-treats/wet-food/nutro-adult-wet-cat-food-cuts-in-gravy-trays----beef-79453.html
Friskies Wet Cat Food - Variety Pack,$24.99,/cat/food-and-treats/wet-food/friskies-wet-cat-food--variety-pack-80038.html
Kit Cat Wet Cat Food Topper - Chicken,$1.99,/cat/food-and-treats/wet-food/kit-cat-wet-cat-food-topper--chicken-78179.html
Kit Cat Wet Cat Food Topper - Chicken & Salmon,$1.99,/cat/food-and-treats/wet-food/kit-cat-wet-cat-food-topper--chicken-and-salmon-78178.html
Kit Cat Gravy Series Wet Cat Food - Chicken & Salmon,$1.99,/cat/food-and-treats/wet-food/kit-cat-gravy-series-wet-cat-food--chicken-and-salmon-78176.html
Kit Cat Wet Kitten Food - Tuna,$1.99,/cat/food-and-treats/wet-food/kit-cat-wet-kitten-food--tuna-78175.html
Kit Cat Gravy Series Cat Food - Chicken & Quail Egg,$1.99,/cat/food-and-treats/wet-food/kit-cat-gravy-series-cat-food--chicken-and-quail-egg-78172.html
Kit Cat Gravy Series Cat Food - Chicken,$1.99,/cat/food-and-treats/wet-food/kit-cat-gravy-series-cat-food--chicken-78171.html
"Whiskas Meaty Selections Adult Wet Cat Food Chicken & Beef Variety Pack, 12ct",$18.99,/cat/food-and-treats/wet-food/whiskas-meaty-selections-adult-wet-cat-food-chicken-and-beef-variety-pack-12ct-1424.html
"HALO® Adult Cat Food - Natural, Grain Free, Chicken Recipe",$3.79,/cat/food-and-treats/wet-food/halo-adult-cat-food--natural-grain-free-chicken-recipe-12883.html
Fancy Feast® Poultry Pleaser Wet Cat Food Variety Pack,$12.29,/cat/food-and-treats/wet-food/fancy-feast-poultry-pleaser-wet-cat-food-variety-pack-78084.html
